Test,Status
HEMMCopyModel,Passed
HEMMCopyAcrossEncy,Passed
HEMMDeleteObjects,Passed
HEMMRenameObjects,Passed
HEMMDeleteModel,Passed
HEMMDisplayModelStatistics,Passed
HEMMConsistencyCheck,Passed
HEMMRenameModel,Passed
HEMMCreateModelFromSubset,Passed
HEMMOverrideCheckout,Passed
HEMMBackupRestoreUtilities,Passed
HEMMModelConversion,Passed
HEMMModelHistory,Passed
HEMMChangeModelUserID,Passed
HEMMDownloadModel,Passed
HEMMUploadModel,Passed
HE Model Management Test,Complete
Total Time,247.28
