gen86,h1,ABLK01,Y
gen86,h1,ABLK01MR,Y
gen86,h1,ABLK03,N
gen86,h1,ABLK04,N
gen86,h1,ABLK06,N
gen86,h1,ABLK06MR,N
gen86,h1,ABLK08,N
gen86,h1,ABLK09,N
gen86,h1,ABLK10,N
gen86,h1,ABLK11,N
gen86,h1,ABLK12,N
gen86,h1,ABLK13,N
gen86,h1,ABLK15,N
gen86,h1,ABLK24,N
gen86,h1,ABLK26,N
gen86,h1,ABLK26MR,N
gen86,h1,ABLK27,N
gen86,h1,ABLK27MR,N
gen86,h1,ABLK28,N
gen86,h1,ABLK29,N
gen86,h1,ABLK30,N
gen86,h1,ABLK31,N
gen86,h1,ABLK32,N
gen86,h1,ABLK32MR,N
gen86,h1,ABLK36,N
gen86,h1,ABLK37,N
gen86,h1,ABLK38,N
gen86,h1,ABLK38DE,N
gen86,h1,ABLK38ND,N
gen86,h1,ABLK42,N
gen86,h1,ABLK43,N
gen86,h1,ABLK44,N
gen86,h1,ABLK48,N
gen86,h1,ABLK49,N
gen86,h1,COOP07,N
gen86,h1,DMGR22,N
gen86,h1,IRUN01,N
gen86,h1,MAPG01,N
gen86,h1,MAPG02,N
gen86,h1,PROXYMVS,N
gen86,h1,TRCE01,N
